Agile Nashville User Group,18.140553597415703
¡Diablos Que Bailan! (Salsa Nashville),17.35188397429973
Nashville Music Programmers,16.481612563660896
What the Pho!,16.123585426696405
Franklin Developer Lunch & Learn,14.912939871084317
Nashville Amazon Web Services User Group,13.531275826106773
Stepping Out Social Dance Meetup,11.565013560587529
"Movie Lovers:  New, Classic, and Foreign Films Meetup",10.982247811489419
Board Game Lovers Meetup,9.485109629621478
The Greater Nashville RPG and Board Gamers Group,8.220177188008202
Business Connections Networking Group,7.900159650520968
NashMicro - The Nashville Microcontroller Makers Group,6.711888633081233
Nashville Entrepreneurs Network,6.23505006616339
The Joy of Dining Out with Friends Meetup,6.22899512152908
Eat Love Nash,6.224203110251417
Advanced Audio + Applications Exchange (A3E) - Nashville,6.007177763157135
Tennessee Real Estate Investors Meetup,5.2095877699915585
Nashville Electronic Music & Synthesizer Meetup,4.963036518547173
Her Heart Project,4.7472038588296925
Music City Jazz Fans,4.4969859784554345
Nashville Mobile Developers,4.496410740877644
Greater Nashville Networking Group,4.054572189981562
Nashville Tennis Meetup,3.6791084881773903
Women's  Business Network,3.4801621211515275
20&UP Tennis: Nashville,3.375982468727288
Fun Happenings Social Group-Nashvilles Most Fun Social Group,3.333821990077651
Paddle Adventures Unlimited,3.2958526719070695
Brentwood Happy Hour / Dining Out Meetup,3.2585331768222936
Nashville Christian Universalists,3.1899668023037555
Drink-n-Draw,3.133540649239207
Design Thinking Nashville,3.1069872302848567
Nashville API Developers,3.067579534326123
Let's Talk Franklin Toastmasters Club,3.0624105944086355
Spiritual Psychology and Consciousness Group,3.0563829205427337
Nashville Network After Work - Business Networking Events,3.0014972188819202
Free & Cheap Events,2.8991891901536873
Nashville Mobile .NET Developers,2.823181703814879
Nashville Podcasters,2.6733305446183735
WordPress Nashville,2.6673087262310085
Nashville Game Developers,2.6659560173763057
NashJS,2.646878504847867
Vegan Peace,2.5707631876310475
Nashville Hiking Meetup,2.5699180587370876
Oneness Nashville,2.540121465713047
Intellectual Society of Greater Nashville,2.5196030072761366
Whole-Food Plant-Based Dieters,2.462939730330084
CityWalks,2.437452239058985
Nashville Docker Meetup,2.4283822504655577
Nashville Machine Learning Meetup,2.413144661704113
"\"WOMEN \"\"Word of Mouth Entrepreneurial Networkers\"\"\"",2.330850743376345
Nashville Classic and Contemporary Fiction Group (for women),2.3150689970678706
Middle Tennessee Hiking Meetup,2.2858650454483316
Nashville .NET User Group,2.27971892384563
Nashville Young Professionals Meetup,2.265147475773566
Code for Nashville,2.179636220743599
Transition Nashville,2.117785153785414
The Nashville Chinese Language and Culture Meetup Group,2.10361054790889
Ethereum Nashville,2.0840598081635866
Nashville Chess and Chat Meetup,2.0493072830031114
Transplant Nashville,2.0176337108947484
Nashville Shambhala Meditation Group,2.006881113452938
Nashville Psychic Meetup,1.908438950248118
PyNash,1.824630052547143
Bellevue Business Networking Meetup,1.8149706970763377
Nashville Ladies Volunteering and Having Fun,1.8071669671348618
Team Green Adventures,1.721195899921855
Tennessee Americans United for Separation of Church & State,1.6956445495052448
Women of Power (WOP),1.6860332730065632
Nashville UX,1.6779972438444526
Nashville Amazon Sellers,1.6486435547988179
Franklin Books and Discussion Meetup,1.648415795672357
Music City Young Professionals,1.6257252425359083
Nashville Product Meetup,1.6243078511953293
The Middle TN Alternative Health Meetup Group,1.5927767961672508
Make Nashville Meetup,1.496469713421936
Nash |> Elixir,1.464406522024323
"SCORE Nashville Events, Networking and Workshops",1.4499106543881797
Stand Up Paddle Boarding in Nashville TN.,1.431352633490328
Nashville English Language Learning Meetup,1.3888928024088376
Nashville Purely Social and Super-Awesome Social Group,1.3865217642022172
Goddess and the Moon Metaphysical Meetup,1.3555977293242636
Nashville Spirituality Meetup,1.3523067668487896
All Things Angular,1.326697144100523
Business Girls Rock! Nashville Entrepreneurship Meetup,1.3237527267095806
Nashville PowerShell User Group (NashPUG),1.25027776172847
Nashville Networking Business Luncheon,1.2379036056263135
Savvy Coders - Nashville,1.1920024693617033
Nashville's Society of Women Business Owners (SOWBO),1.1667134217339872
All Things Gardening,1.16153166402109
Nashville Vipassana Meditation Meetup,1.1589148391361135
Couples New 2 Nashville & Know (almost) NoOne.  Ages 40 & Up,1.1375319347910615
NashBI,1.1304406115281265
Thrifting Nashville Meetup,1.1241650579117193
Beer and Bible Nashville,1.1118469277310599
Women's Bible Study,1.1072432473002196
Nashville Java Users' Group,1.1010704429760643
Nashville Artificial Intelligence Society,1.0888560777177296
Nashville Software Beginners,1.0826360303591407
Big East Fork Hiking & Breakfast Club,1.081566202609426
Nashville Locals,1.051139587034482
Nashville Pilgrimage Hiking & Walking Meetup Group,1.0460733832947295
Wellness Nashville,1.0215706624800562
"Nashville SEO & Internet Marketing, Over 1,600 Members!",1.0089525992154122
Nashville soccer,1.005024862228572
Nashville Women Programmers,1.0035441948380341
Nashville Alternative Health & Wellness,0.9953220949584561
Nashville Kayak Lessons,0.9915134864904948
Donelson Networking Group,0.9873812763944829
Nashville Faith & Skepticism Meetup,0.9779079677810394
Franklin Small Business Digital Media Marketing Meetup,0.9519258147042758
"GrowNashville: Startup Entrepreneurs, Hackers, & Web Experts",0.9474629800949527
Women 'n' Wine of Nashville,0.941810579827548
Nashville Software Automation Professionals,0.9288123193609286
Data Science Nashville,0.9096843152765978
Nashville Science & Religion Meetup,0.897520696024959
The Nashville Girly Book Club,0.8883320027848577
Nashville Science Fiction Book Club,0.8769177502493996
Nashville Modern Excel & Power BI User Group,0.8609548501200571
Nashville Hookah Bar Hook-ups!,0.8505280950677043
PROVIDENT LIVING & SELF-RELIANCE,0.84737394302127
Serial Tanks Meetup,0.8383813598524092
Nashville Bloggers,0.8257814261955941
Franklin AM - Networking,0.8140613647604812
Bellevue Free Mandarin/Korean Lessons Meetup,0.8128586861063408
Outdoor Fit - HIIT,0.8039043407679362
Nashville Kubernetes Meetup,0.8015813950706657
20s in Nashville,0.7941980615027409
"Nashville Metaphysical, New Age, and Psychic Meetup",0.7927237648074418
Blues Dance Nashville,0.7867630801457859
The Nashville Web Design Meetup Group,0.7846034368382194
Williamson County Democratic Party Events,0.7837017980382439
Christian Business Leaders Roundtable | CEO Fellowship,0.7808651401501281
"WomanSpeak, Nashville Circles",0.7706078851194827
The Iron Yard - Nashville,0.7627375097209849
Network Middle Tennessee,0.7575531153852755
Mastermind Business Networkers,0.7556170520959304
Nash.rb,0.753296187578177
R-Ladies Nashville,0.7530873645514522
"Wellness, Abundance, Purpose",0.7450602244261586
Nashville Music-Technology Group,0.7386482670805553
New Investors & Real Estate Investors of Williamson County,0.731849634550967
Paid To Speak Entrepreneurs,0.7316944403923028
Developer Launchpad Nashville,0.7299059344882932
Nashville Linux Users Group,0.7286320620437594
Brentwood - Grow Your Business In Tennessee,0.7274106372991668
Nashville Quantum Energy Play Group,0.7233742926571778
Women & Horses,0.7194479150575073
Nashville Longevity Communities,0.7175873081942611
Enneagram Nashville,0.7090322108971663
Middle Tennessee WarGamers,0.7074933893797335
"GREEN Investment Club, Nashville",0.7057252986931002
Christianity & Transhumanism,0.6993667761233446
"Big East Fork Yoga, Mind/Body, and Wellness",0.6953282964204637
Nashville LGBT Game Night Meetup,0.6950380350919517
The Nashville Songwriters Meetup Group,0.6935977744656691
East Nashville Daytime Basketball,0.6932399400013339
Middle Tennessee Motorcycle Riders,0.6810398369756286
Volunteer Nashville,0.6753427048552124
Nashville PHP User Group,0.670267518487526
Real Estate Investors of Nashville Meetup Group,0.6667506478983722
Nashville Christian Technologists and Entrepreneurs,0.6667281648342962
Nashville Charismatic Liberals,0.6603181845239274
ONA Nashville,0.659719862630149
Conscious Transformation - Nashville,0.6584590345740301
"Ambrosia - Friends, Food and Fun",0.6477620675893361
Thinking Christians Book Club,0.6454633439191484
Williamson County Republican Party,0.6437504375421764
Brentwood Artificial Intelligence Meetup,0.6362642695287377
Never Bored in Nashville,0.6324129363636376
Hendersonville Hiking Meetup,0.6291939244450963
freeCodeCamp Nashville,0.6124353502626859
Full-Stack Marketing Mastermind,0.6115303271236086
State & Local Government Developers Network,0.6097022866927282
Bellevue Business Buzz Networking  Group,0.6094831800605804
Happy Hour Networking for Charity,0.6086223561137232
One Dharma Nashville Meditation Group,0.6078606878573892
Thrills and Chills Book Club,0.6064805919143446
Women 'n' Wine of Williamson County,0.6034635224217582
Nashville Holistic Association,0.6032657804728802
Nashville Wakeboarding and surfing Meetup,0.6028774406583017
"Lesbians in the Workplace, Nashville",0.6026722558456667
Circle Bliss ~ Nashville ~ Energy Healing ~ Ataana Method,0.6007990493731014
"Build and Develop Your Online Presence Nashville, TN",0.5939224265449203
Middle Tennessee Sierra Club Outings and Adventures,0.5931971718905603
Nashville Flag Football,0.5900033818551037
The Warner Trail Runners,0.5882369187646026
Middle TN 40+ singles,0.5877591487848832
Narrowcasting Your Passion,0.5855299468862021
"Nashville Conda, R, Julia Users Group",0.5848142687605227
Boost Nashville - The Business Networking Group!,0.584308074850782
Nashville Backpacker Meetup,0.5829945829649051
Nashville 80s Music & More Meetup,0.5820070566866703
Mount Juliet/Wilson County Hiking & Outdoors,0.5802186543229272
Tails of the Trail,0.5786267459859342
Nashville Christian Singles,0.5780838606547546
The Wild Woman Project - Nashville,0.5765366251779843
B'nei Mikra Nashville (Torah Study),0.5755398260564981
Urban League Young Professionals of Middle Tennessee,0.5731352487826624
SEO in Nashville - Join the Other Group!,0.5711598250212581
Middle Tennessee Photography Buddies,0.5677113677661727
Nashville Rock Climbing MeetUP,0.5643907637031942
NASHVILLE REIKI & OILS,0.5572407132614203
Man Cave 615,0.5559511690956194
Nashville Bitcoin Meetup,0.5535883408622593
NashDash Dating!,0.5523008578395509
Nashville Walking Women,0.548826214113417
Music Row Professional Group,0.548155973704974
"Chicago Cubs, Blackhawks and Bears Fans near Nashville",0.5464948243611302
Metro Nashville German Meetup Group,0.5451026847942902
Nashville Spanish Meetup,0.5441712151573729
The Nashville TENNISseans,0.539493338983895
Strictly Belcourt,0.539304690683627
Nashville Salesforce Admins & Developers Group,0.5391913814436242
Franklin Reiki,0.5374749500717412
GKIC Nashville Chapter Business Building Meetup,0.5363891231205304
MTRAS ~ MidTn Robotic Arts Society,0.5340090903639837
Nashville Real Estate Investor Network,0.5311208330117585
Vegan Food & Friends,0.5304490877886604
Nashville Virtual Reality Meetup,0.52924390724502
Events of the Camera Club Council of Tennessee,0.5244812705738572
Sahaja Yoga Meditation - Nashville,0.5200661061098611
20's & 30's Women looking for girlfriends,0.5188053715593209
Nashville Area Gamer Association - NAGA,0.5178224557688791
Nashville Wiener Romp,0.5139863318905944
Nashville Ambitious Women,0.5128661005437078
Spiritist Study Group,0.5109400130162386
Franklin Death Cafe,0.5085630571451067
Franklin Gaming and Comics,0.5083166420333303
Nashville Hadoop Users Group,0.5065825379341686
Women 'n' Wine of Green Hills,0.5064060055698988
Nashville Free Guitar Lesson Meetup,0.5060364375535015
Grace Business Networking Group,0.5043645683634581
Bellevue Area Meetup: Meet New Friends!,0.5034903877401096
Music City Drinking Buddies,0.5026229636691749
Sunday Assembly Nashville,0.4995802345147298
Explorer Chicks of Nashville: Adventure Awaits!,0.4987291996061175
Nashville: CryptoCurrency University,0.4983657472707507
Nashville Travel Meetup,0.49505193370241274
T-VOE: Tennessee Voice Over Exchange,0.4935812859616673
Piano Music Lovers of Nashville,0.4922130400804138
The Inter-Religious Conversation,0.49078370254269804
Nashville Spiritual Experiences Group,0.49021870443838433
Meet Mount Juliet Networking Mixer,0.4900577349926893
Nashville Psychedelic Society,0.4866131097432279
Climb Nashville Meetup,0.48493565599723876
Movie Meet up at Big East Fork,0.47867789576536296
James K. Polk Toastmasters,0.47766443642642226
The Nashville Big Red Machine,0.4772991843054135
Single in the City Live,0.47723636761782295
You are a Badass!,0.47520005748151806
Movies with Heide,0.4727967985352241
Nashville Tennis Lessons,0.471926827817098
Greater Nashville Healthcare Analytics,0.4711944293367257
The Nashville/Brentwood Cigar Aficionado's Meetup,0.47068612524192244
the New World is in Order!,0.4704358459476044
Big East Fork Folk / Jazz Music Meetup,0.4689819946553162
Williamson County Ruby Meetup,0.46890016569957194
Black Women Read Book Club,0.4679538241543517
Nashville Comedy Meetup,0.4654332932362088
Craft Beer Lovers of Nashville Meetup,0.4630515816807186
Nashville Filmmakers,0.4628294653660563
Nashville Online Business Strategy Meetup,0.4626602671843655
Real Estate and Coffee in Smyrna,0.4624159919820442
"Wine, Women, and the World",0.4623895913926318
Nashville Skiing Meetup,0.46019062187043003
Music City Tango,0.45810034708294706
Random Nashville Fun,0.4578370381687414
The Whole Wealth Club,0.4573123951560765
Women'n'Wine of Murfreesboro,0.45652016293302194
Maintaining Your Balance,0.4536361417997712
Franklin Essential Oils,0.4527253453113744
Girls Night Out Bunco For WOMEN Meetup,0.4524695967320975
Nashville Investment Angels,0.45141391978026224
Nashville ColdFusion User Group,0.4506060327338981
Science Club Nashville,0.45028246396930677
Aussies in Nashville,0.450111378451193
Nashville Online Entrepreneurs,0.44904452085759333
Music City Wine Enthusiasts,0.44897825261992946
"Soul Evolution, Ascension & Beyond of Nashville",0.44758455303328265
Bananas For Bananagrams,0.44744176517529094
Opening,0.4468045002391969
Nashville ADHD Adults,0.44584441025906885
Nashville Farm to Fork,0.44467801580720406
iProduce BNA - Pro iPhone / iPad camera / RESIST / Meetup,0.44246814444397825
Nashville Search Engine Marketing Meetup,0.44214426722251543
Nashville Sailing,0.44188221779603126
GEEK by AKEIN Engineering,0.4409212710569591
Nashville's New Business Owners,0.4405933400781562
"Philosophy, Science, Religion and Ethics.",0.440461370805665
Nashville Amnesty International,0.44038627498020516
"A Course in Miracles Study Group, Nashville",0.43967762757526097
Nashville Cohousing Group,0.4389995619507752
Nashville Outdoor Adventures Club,0.4385353038152712
Nashville Cooking Lessons Meetup,0.43839546522893286
Nashville Startup Founder 101,0.43791591152058196
Nashville QA,0.4377019447825257
TwitchNashville,0.4374394329908838
Middle Tennessee Entrepreneurs MasterMind Meetup,0.436464445654559
Tennessee Red Rock Adventurers,0.43503399708582957
East Nashville YA Lit!,0.43368339636693953
Women of Purpose and Power,0.43322420093284847
Nashville Scrabble Meetup,0.4317566558530936
NASHVILLE WRITERS HOUSE,0.43108314315100155
The Nashville Microsoft Azure Users Group,0.4304733565301391
Nashville DevOps Meetup,0.42979482823648435
Greater Nashville Democrats 30+ Social Network,0.42939297531653803
Dine and Unwind in East Nashville,0.4293875711600952
Nashville Animal Advocacy,0.4287640080883628
Hiking Club of Nashville and Suburbs,0.4279805335830508
Unity of Nashville Spirituality Meetup Group,0.4278175593224228
Networking for Charity,0.42713252014952996
Nashville Socials and Events!,0.42654475965886246
Interfaith Scripture Study,0.42611503808902484
Nashville Hydroponics / Aquaponics Meetup,0.4260252758438062
Networking Today Int'l -Middle Tennessee,0.42492286442286925
Nashville Pick-a-Flick,0.424903018833963
NashReact,0.42440204434625745
The Nashville Football Giants,0.4216606977054366
Nashville Gay Men Explorer Group,0.42084321192887403
Karate at the Park,0.42029690840191414
Brentwood TN Conversational Spanish Language Meetup Group,0.41828874927966997
Nashville Parents of Children with Dyslexia Support Group,0.417657437622433
Conscious Nashville,0.4163412875078453
Nashville Daoist (Taoist) & Chinese Philosophy Meetup Group,0.41602072778884636
Nashville Digital Marketing Meetup,0.4155855164405886
Nashville Sustainability Events Group,0.4155177029743418
Second Saturday Divorce Workshop for Women,0.41499028588781256
Spanish Group Downtown,0.414906361103489
Mediumship and Intuitive Development Circle of Nashville,0.4148057827470642
North Nashville Party Chicks,0.4142848979599529
East Nashville Book Club,0.4136608031160516
"Rikian Exerciser Fitness Fans - Franklin, TN",0.41340394753848947
Nashville Lisp Sync,0.4129869008290355
Nashville Foam Fighting - Dur Demarion - Belegarth,0.41198018005650333
Social Entrepreneurs of Nashville,0.4111909173740817
Franklin/Nashville Cool Family Meetup,0.40988044139522806
NashSec,0.4097177459389327
Green Hills Stampin' and Scrapbooking Meetup,0.40905864843563744
Bucketlisted : Coveted Travel & Life Experiences,0.40883253634750893
A Guide to Regenerative Healing thru Nature's Abundance,0.408580908247
Philadelphia Eagles Fans In Nashville,0.4081697988337752
40 and over gay men for social gatherings,0.40778389248411345
Gallatin Makerspace,0.4075866001196971
Amway Business Opportunity Info Session,0.4048603856534908
Smashville Singles Coed 25-40ish,0.40454260527628466
Art of Living,0.40407080714546745
Nashville Ladies' Book Club,0.40372641429471906
Nashville Blockchain Meetup,0.4037168689018309
SoulScaped Living,0.4036470886920631
TGIT =Thank Goodness It's THURSDAY Happy Hour & Business,0.4029711023442118
Nashville Professional Photography Meetup by ASMP Tennessee,0.40278359376448475
MHO Nashville Active Adventures,0.4019839148651185
Nashville Cardinals Club,0.40162819403857886
Nashville Cloudera User Group,0.4013590244280197
Get Out 'N Game - Nashville,0.40090191073737447
Nashvegans!,0.39929806205738516
Nashville World Travelers,0.39790812246968277
"The Nashville Singer, Musician and Songwriter Meetup Group",0.397772039851102
"Mimosas, Brunch and Network",0.3974030859309335
Mid-TN Scrapbooking Club,0.39685773843794314
Nashville Dungeon Delvers,0.3966269012975498
Tintri Nashville - VMaware storage,0.3964567481627831
1-on-1 Conversations Nashville,0.39585722275035945
Nashville Krishna Bhakti Yoga Meetup,0.39581448494218935
Nashville Meditation and Hypnosis,0.39569768850943104
Cumberland Green Bioregional Council,0.39569768850943104
The Nashville Writers Meetup,0.3953978382277686
Nashville and Tennessee History,0.39514899743635634
Tennessee Red Hat User Group (RHUG),0.39494208547277126
The Middle TN Red Sox Nation Meetup Group,0.3945930594505469
Nashville Children in Nature,0.394544555629356
Marigolds Author Group + Travel Club for Christian Women 50+,0.39440287021531495
Inner Engineering Nashville (Isha Yoga & Meditation Classes),0.3937459844227911
Coed Social (late 20's & 30's),0.39368496026439354
The Costumed Revelers,0.3936085850634695
Extraterrestrials,0.3935900185692641
TuneTown Show Chorus,0.3930408634221856
Live Music Metropolis - Nashville Chapter,0.39206477451873784
Hendersonville Area Active/Outdoor Lifestyle,0.39194038045489943
Franklin Natural Health Group,0.3900434139632078
Nashville Wanderlusters,0.3897302056699511
Murfreesboro Web Development Meetup,0.3896413572925003
NashvilleTech,0.3893640779361516
California Relocation Club,0.38900796599280446
"Nashville Girl's Night Out - Shopping, Networking, + More",0.38900796599280446
20/30 something couples in Nashville!~,0.38900796599280446
The Country Club of Downtown Nashville (20s & 30s),0.388454772920265
Arts Council of Williamson County,0.38843043345442324
Nashville Business Strategy Meetup,0.38843043345442324
Center for Spiritual Living Nashville,0.3879710489318323
Tennessee Hiking Group,0.38767183541862466
Pranic Healing Nashville,0.38767183541862466
Skeleton Cru,0.38733113538941677
"The Estuary - Mindfulness, Self-Care, and Support Community",0.38688950687593526
Hendersonville-Goodlettsville Area Walking/Outdoor Activity,0.38688950687593526
Outdoor Afro-Nashville,0.38688950687593526
Music City Women of coursge &  strength,0.38688950687593526
Franklin Social Networking Meetup,0.38688950687593526
Nashville Music Performance Playground,0.3861537994692462
"RfR - Nashville, TN",0.3861537994692462
Single Adult Ministry @ Brentwood United Methodist Church,0.38558276621145277
Nashville Nonprofit Meetup,0.38558276621145277
Nashville Professional Referral Club TEAM Chapter,0.38558276621145277
Walk and Talk Meetup,0.38526955791819606
Middle Tennessee Kayak Lessons Meetup,0.38526955791819606
Nashville BarkHappy Dog Meetup,0.38526955791819606
Euchre in Nashville,0.38526955791819606
Nashville Women & Beauty,0.38526955791819606
Nashville Elegance Portfolio,0.3824288591241803
Nashville Landmark Worldwide Meetup,0.3824288591241803
Kilo Fit Nashville,0.3824288591241803
Diner en Blanc for Music City - Interest Group,0.3824288591241803
20s/30s Nashville Online Dating Rebellion!,0.3824288591241803
Nashville Golf Travel Meetup,0.3824288591241803
Gastro Sojourn,0.3824288591241803
Nashville IAM User Group,0.3824288591241803
"Moms, Wine, And Kiddos",0.3824288591241803
Hoop Nashville,0.3824288591241803
Cincinnati Conversation about Moments of Grace,0.3824288591241803
Nashville Wakeboard Cumberland Riv Commodore-Rock Harbor,0.3824288591241803
The Geek Set - Nashville,0.3824288591241803
Network Marketing|MLM Group,0.3824288591241803
Nashville SaltStack Meetup,0.3824288591241803
Ingress,0.3824288591241803
Franklin Diabetes Meetup,0.3824288591241803
Smyrna Yoga Zumba & Boot Camp Women Only,0.3824288591241803
The Goddess Tribe,0.3824288591241803
For Women Only - How to Not Run Out of Cash in Retirement,0.3824288591241803
Sumner County Moms in Business,0.3824288591241803
Mystic Mamas of Middle Tennessee,0.3824288591241803
IIBA Nashville Chapter Meetup,0.3824288591241803
Tarot Lights,0.3824288591241803
Wilson County Women Volunteering and Having Fun,0.3824288591241803
Nashville Tennis Lessons- PlayYourCourt,0.3824288591241803
Franklin Strategy Games Testing,0.3824288591241803
Nashville Feminist Meetup,0.3824288591241803
Comfort zone Escapees,0.3824288591241803
West Meade Cyclists,0.3824288591241803
SupNashville: Customer Support and Success Meetup,0.3824288591241803
The Relationship Sounding Board,0.3824288591241803
Escape The Rat Race With Real Estate Investing!!,0.3824288591241803
Citizens Climate Lobby Nashville,0.3824288591241803
Nashville Area Young Adults: Jesus,0.3824288591241803
Achilles Nashville Hope + Possibility 5 Miler and 1 Mile Run,0.3824288591241803
Hendersonville Volunteering Meetup,0.3824288591241803
Nashville Single Moms Meetup,0.3824288591241803
Girl Guitar,0.3824288591241803
Nashville Urban Planning Meet Up,0.3824288591241803
The Right Alternative,0.3824288591241803
9.12 Project Nashville,0.3824288591241803
Das Squad,0.3824288591241803
Couples Exploring Nashville,0.3824288591241803
Franklin Essentially doTERRA Workshops,0.3824288591241803
Nashville's Gluten Free Dinner Club & Celiac Support Assoc.,0.3824288591241803
The Nashville Taiji Club,0.3824288591241803
Bellevue Moms Meetup,0.3824288591241803
Nashville Business Analysis,0.3824288591241803
"\"\"\"New Moon Monthly Energy Workshop\"\"\"",0.3824288591241803
"Big, Fine &  Fabolous",0.3824288591241803
ML/JP Dance Music Family,0.3824288591241803
Detroit Red Wings Fans in Nashville Meetup,0.3824288591241803
"witchcraft united - leading, teaching, learning & practicing",0.3824288591241803
#Resist: Antioch,0.3824288591241803
Nashville SQL for Newbies,0.3824288591241803
Nashville Magento Meetup,0.3824288591241803
Portuguese Language Club in Nashville,0.3824288591241803
Hendersonville Area Casual Softball,0.3824288591241803
Immersion Composition Society (ICS),0.3824288591241803
Blockchain Technology Disrupting Healthcare,0.3824288591241803
Nashville Beading and Jewelry Design Meetup,0.3824288591241803
Networking in The Nations,0.3824288591241803
Nashville Area Drone User Group,0.3824288591241803
Mama Bears Who Care - Women Helping Youth Grow to Adulthood,0.3824288591241803
West Nashville/Bellevue Conversation Cafe,0.3824288591241803
Chihuahua's Nashville - Tiny & Mighty,0.3824288591241803
Nashville Adventures,0.3824288591241803
The Data Warehouse Institute (TDWI) Nashville Meetup,0.3824288591241803
Doing The Impossible,0.3824288591241803
Nashville Psychotherapy Institute,0.3824288591241803
Nashville KDrama Addicts,0.3824288591241803
Digital Transformation Workshop,0.3824288591241803
JOBS Etc - Career Opportunities Network,0.3824288591241803
Nashville Startup: Idea to IPO,0.3824288591241803
Nashville International Relations Meetup - Great Decisions,0.3824288591241803
Nashville Singularity Meetup,0.3824288591241803
Fight against Alzheimer’s Disease/Walk'n to End ALZ,0.3824288591241803
The Leadership Circle,0.3824288591241803
Nashville Preds NHL,0.3824288591241803
Los Angeles to Nasville transplants,0.3824288591241803
Cryptocurrency And Ecommerce,0.3824288591241803
Center for Sustainable Stewardship,0.3824288591241803
Padmasambhava Buddhist Center - Nashville,0.3824288591241803
The Nashville Backgammon Association,0.3824288591241803
Middle Tennessee Foster Care and Adoption Meetup,0.3824288591241803
"Nashville Social Crew! Dine, Hike, Photography, & More!",0.3824288591241803
Nashville Squash Meetup,0.3824288591241803
Living Wholeheartedly: The Daring Way™ Nashville,0.3824288591241803
Trichotillomania and Skin-Picking Disorder Support Group,0.3824288591241803
OCD Nashville Peer Support Group Meetup,0.3824288591241803
Nashville Adventurers,0.3824288591241803
Music Industry Forum- Who kNew Nashville,0.3824288591241803
CANDLESTICKS PRICE ACTION NETWORK (CPAN),0.3824288591241803
East Nashville Women Mean Business,0.3824288591241803
Miniatures @ GAME CAVE 2 Hendersonville,0.3824288591241803
OCF Nashville,0.3824288591241803
Xero Hour - Nashville,0.3824288591241803
Little Black Dress Club Nashville,0.3824288591241803
Nashville BoomPower!,0.3824288591241803
Nashville Home Buyers Meetup,0.3824288591241803
10X Revolution Nashville,0.3824288591241803
Nashville Acting Meetup,0.3824288591241803
Nashville | Fusion 360 Meetup,0.3824288591241803
Goodlettsville Roadrunners,0.3824288591241803
BIG FUN GAME nite,0.3824288591241803
Solo No Mo' Club,0.3824288591241803
Village Healing Arts,0.3824288591241803
Tableau and BI for Nashville,0.3824288591241803
Music City Singles,0.3824288591241803
Konexus - Young Professionals of Nashville,0.3824288591241803
Nashville Real Estate Investor Entourage,0.3824288591241803
Home Buyers of Rutherford,0.3824288591241803
Nashville Flight Training,0.3824288591241803
THE GARDEN OF GOOD,0.3824288591241803
Williamson Co. 50+ Professional Singles Tired of Mediocrity,0.3824288591241803
Nashville Freelance Creatives,0.3824288591241803
Nashville League of Legends Meetup,0.3824288591241803
EDIBLE WEED WALKS and PLANT CLASSES,0.3824288591241803
Franklin/Nashville Parental Alienation Support Meetup,0.3824288591241803
Traveling Widows and Widowers,0.3824288591241803
"Mid-South NLP & Hypnosis Meetup -- Nashville, TN Chapter",0.3824288591241803
Read Between The Wines Book Club Nashville,0.3824288591241803
Lipscomb Environmental Sustainability Meetup,0.3824288591241803
Middle Tennessee Autoimmune Protocol (AIP) Meetup,0.3824288591241803
Nashville Area Real Estate Investors Meetup,0.3824288591241803
Sumner County Shooters,0.3824288591241803
Sumner County Libertarian Party,0.3824288591241803
Franklin Technology Startups Meetup,0.3824288591241803
Nashville Date4Eight Singles,0.3824288591241803
Viva Italia Tennessee www.VivaItaliaTN.com,0.3824288591241803
"Women, Wine, & Coloring",0.3824288591241803
Nashville International Group,0.3824288591241803
Photographic Artistry Workshop - Franklin,0.3824288591241803
It's All About Travel Nashville,0.3824288591241803
Nashville Gophers,0.3824288591241803
Athletes Connecting with Athletes,0.3824288591241803
Mental Health Counseling Professionals in Private Practice,0.3824288591241803
Southern Foragers Meetup,0.3824288591241803
"I am Happy Project - Brentwood, TN",0.3824288591241803
Nashville Software Defined Networking (SD-WAN),0.3824288591241803
Nashville Women of a Certain Age Meetup,0.3824288591241803
GALavant Outdoors,0.3824288591241803
Nashville Drum Circle Community :D,0.3824288591241803
Reading Queer,0.3824288591241803
M.A.D.Y. (Make A Date with Yourself),0.3824288591241803
Nashville Social Media Enthusiasts,0.3824288591241803
Nashville Axis & Allies Meetup,0.3824288591241803
Brentwood Bible Study,0.3824288591241803
Nashville Transform Your Life Meetup,0.3824288591241803
Evening Walks At The Park For Singles,0.3824288591241803
Franklin Bible Study Meetup,0.3824288591241803
East Nashville Reading Club,0.3824288591241803
Shelby Bottoms Push,0.3824288591241803
Mindful Cyborgs Meditation,0.3824288591241803
Denise Vaughn's Baby Wearing Group Hike,0.3824288591241803
Eastside Rides,0.3824288591241803
Nashville Mindfulness in Nature,0.3824288591241803
#Resist: Brentwood,0.3824288591241803
Middle TN First Time Home Buyers Meetup,0.3824288591241803
Nashville Craft Party,0.3824288591241803
Nashville Co-Ed Kickball,0.3824288591241803
Pure Storage Middle Tennessee,0.3824288591241803
East Nashville Pick-Up Baseball,0.3824288591241803
Nashville Insurance Professionals,0.3824288591241803
Nashville Floral Design Meetup,0.3824288591241803
Tn Permaculture Meetup,0.3824288591241803
Nashville Screenwriters Meetup,0.3824288591241803
Nashville Hearthstone Fireside Gathering,0.3824288591241803
Nashville OCD Support Group for Friends & Family Meetup,0.3824288591241803
"ManKind Project, Nashville",0.3824288591241803
Project Worship,0.3824288591241803
The Bridge Club Runway and Photos,0.3824288591241803
All Things German Book Club,0.3824288591241803
Nashville Instagram Meetup,0.3824288591241803
#Resist: Franklin,0.3824288591241803
Sophos Southeast Partners,0.3824288591241803
Nashville Podcasting for Music & Business,0.3824288591241803
Franklin Kundalini Yoga Meetup,0.3824288591241803
Gaia's Tribe,0.3824288591241803
Bible Reading,0.3824288591241803
Cool Springs Gay Men's Lunch Group,0.3824288591241803
"Service Providers..Computer,Electrical,Plumbing and more",0.3824288591241803
Startup Nashville,0.3824288591241803
Nashville Cinema Workshop,0.3824288591241803
Nashville Kizomba Meetup,0.3824288591241803
Brentwood Sales & Marketing Meetup Group,0.3824288591241803
Nashville Digital Currency Ecommerce Opportunity Event,0.3824288591241803
Nashville CocoaHeads,0.3824288591241803
Seniors Social Dance Night,0.3824288591241803
Antioch/Nashville Homeschooling Meetup,0.3824288591241803
Fun Happenings Travel & Adventure Group,0.3824288591241803
Network & Social - Nashville Networking Events,0.3824288591241803
Nashville Beauty Industry Meetup,0.3824288591241803
